,data_size,relative_ratio,unique_families,avg_seq_per_family,avg_seq_length,missing_values
train,1086741.0,0.8115561171338894,17929.0,60.61358692620894,155.37997094063812,0.0
dev,126171.0,0.0942219414330553,13071.0,9.652742712875831,154.2222063707191,0.0
test,126171.0,0.0942219414330553,13071.0,9.652742712875831,154.16684499607675,0.0
