,data_size,relative_ratio,unique_families,avg_seq_per_family,max_seq_per_family,avg_seq_length,max_seq_length,missing_values
train,1086741.0,0.8115561171338894,17929.0,60.61358692620894,3637.0,155.37997094063812,2037.0,0.0
dev,126171.0,0.0942219414330553,13071.0,9.652742712875831,454.0,154.2222063707191,1971.0,0.0
test,126171.0,0.0942219414330553,13071.0,9.652742712875831,454.0,154.16684499607675,1937.0,0.0
